[{"model": "admin.logentry", "pk": 1, "fields": {"action_time": "2025-02-10T19:12:31.994Z", "user": 1, "content_type": 4, "object_id": "2", "object_repr": "user1", "action_flag": 1, "change_message": "[{\"added\": {}}]"}}, {"model": "admin.logentry", "pk": 2, "fields": {"action_time": "2025-02-10T19:12:52.463Z", "user": 1, "content_type": 4, "object_id": "3", "object_repr": "user2", "action_flag": 1, "change_message": "[{\"added\": {}}]"}}, {"model": "admin.logentry", "pk": 3, "fields": {"action_time": "2025-02-10T19:13:04.979Z", "user": 1, "content_type": 10, "object_id": "1", "object_repr": "admin is friends with user1", "action_flag": 1, "change_message": "[{\"added\": {}}]"}}, {"model": "admin.logentry", "pk": 4, "fields": {"action_time": "2025-02-10T19:13:17.709Z", "user": 1, "content_type": 10, "object_id": "3", "object_repr": "admin is friends with user2", "action_flag": 1, "change_message": "[{\"added\": {}}]"}}, {"model": "admin.logentry", "pk": 5, "fields": {"action_time": "2025-02-10T19:13:35.517Z", "user": 1, "content_type": 10, "object_id": "5", "object_repr": "user1 is friends with user2", "action_flag": 1, "change_message": "[{\"added\": {}}]"}}, {"model": "admin.logentry", "pk": 6, "fields": {"action_time": "2025-02-10T19:16:07.518Z", "user": 1, "content_type": 13, "object_id": "1", "object_repr": "admin - Administrator", "action_flag": 1, "change_message": "[{\"added\": {}}]"}}, {"model": "admin.logentry", "pk": 7, "fields": {"action_time": "2025-02-10T19:16:49.795Z", "user": 1, "content_type": 13, "object_id": "2", "object_repr": "user1 - BOB", "action_flag": 1, "change_message": "[{\"added\": {}}]"}}, {"model": "admin.logentry", "pk": 8, "fields": {"action_time": "2025-02-10T19:18:16.863Z", "user": 1, "content_type": 11, "object_id": "1", "object_repr": "Bob Ross Bobblehead", "action_flag": 1, "change_message": "[{\"added\": {}}]"}}, {"model": "admin.logentry", "pk": 9, "fields": {"action_time": "2025-02-10T19:18:23.089Z", "user": 1, "content_type": 9, "object_id": "1", "object_repr": "my birthday!", "action_flag": 1, "change_message": "[{\"added\": {}}]"}}, {"model": "admin.logentry", "pk": 10, "fields": {"action_time": "2025-02-11T11:38:57.588Z", "user": 1, "content_type": 10, "object_id": "3", "object_repr": "admin is friends with user2", "action_flag": 2, "change_message": "[{\"changed\": {\"fields\": [\"Confirmed\"]}}]"}}, {"model": "admin.logentry", "pk": 11, "fields": {"action_time": "2025-02-11T11:46:40.136Z", "user": 1, "content_type": 4, "object_id": "5", "object_repr": "user4", "action_flag": 1, "change_message": "[{\"added\": {}}]"}}, {"model": "admin.logentry", "pk": 12, "fields": {"action_time": "2025-02-11T11:46:58.480Z", "user": 1, "content_type": 4, "object_id": "5", "object_repr": "user4", "action_flag": 2, "change_message": "[]"}}, {"model": "admin.logentry", "pk": 13, "fields": {"action_time": "2025-02-11T11:47:17.278Z", "user": 1, "content_type": 10, "object_id": "8", "object_repr": "admin is friends with user4", "action_flag": 1, "change_message": "[{\"added\": {}}]"}}, {"model": "admin.logentry", "pk": 14, "fields": {"action_time": "2025-02-12T22:36:33.173Z", "user": 1, "content_type": 10, "object_id": "8", "object_repr": "admin is friends with user4", "action_flag": 2, "change_message": "[{\"changed\": {\"fields\": [\"Confirmed\"]}}]"}}, {"model": "admin.logentry", "pk": 15, "fields": {"action_time": "2025-02-12T22:57:25.407Z", "user": 1, "content_type": 10, "object_id": "12", "object_repr": "user4 is friends with user2", "action_flag": 1, "change_message": "[{\"added\": {}}]"}}, {"model": "admin.logentry", "pk": 16, "fields": {"action_time": "2025-02-12T23:17:26.128Z", "user": 1, "content_type": 10, "object_id": "3", "object_repr": "admin is friends with user2", "action_flag": 3, "change_message": ""}}, {"model": "admin.logentry", "pk": 17, "fields": {"action_time": "2025-02-12T23:17:47.042Z", "user": 1, "content_type": 10, "object_id": "4", "object_repr": "user2 is friends with admin", "action_flag": 3, "change_message": ""}}, {"model": "admin.logentry", "pk": 18, "fields": {"action_time": "2025-02-12T23:21:54.260Z", "user": 1, "content_type": 10, "object_id": "15", "object_repr": "user2 is friends with admin", "action_flag": 3, "change_message": ""}}, {"model": "admin.logentry", "pk": 19, "fields": {"action_time": "2025-02-12T23:22:06.496Z", "user": 1, "content_type": 10, "object_id": "14", "object_repr": "admin is friends with user2", "action_flag": 3, "change_message": ""}}, {"model": "admin.logentry", "pk": 20, "fields": {"action_time": "2025-02-13T00:51:43.851Z", "user": 1, "content_type": 4, "object_id": "8", "object_repr": "luke", "action_flag": 2, "change_message": "[{\"changed\": {\"fields\": [\"Email address\"]}}]"}}, {"model": "admin.logentry", "pk": 21, "fields": {"action_time": "2025-02-17T20:50:42.173Z", "user": 1, "content_type": 7, "object_id": "2", "object_repr": "luke_beck@live.com", "action_flag": 3, "change_message": ""}}, {"model": "admin.logentry", "pk": 22, "fields": {"action_time": "2025-02-17T20:50:42.173Z", "user": 1, "content_type": 7, "object_id": "1", "object_repr": "deetonrushton1@icloud.com", "action_flag": 3, "change_message": ""}}, {"model": "admin.logentry", "pk": 23, "fields": {"action_time": "2025-02-17T20:51:19.551Z", "user": 1, "content_type": 4, "object_id": "6", "object_repr": "deeton", "action_flag": 2, "change_message": "[]"}}, {"model": "admin.logentry", "pk": 24, "fields": {"action_time": "2025-02-17T20:52:10.477Z", "user": 1, "content_type": 9, "object_id": "1", "object_repr": "my birthday!", "action_flag": 3, "change_message": ""}}, {"model": "admin.logentry", "pk": 25, "fields": {"action_time": "2025-02-17T20:52:10.477Z", "user": 1, "content_type": 9, "object_id": "2", "object_repr": "my birthday!", "action_flag": 3, "change_message": ""}}, {"model": "admin.logentry", "pk": 26, "fields": {"action_time": "2025-02-18T13:57:29.647Z", "user": 1, "content_type": 9, "object_id": "4", "object_repr": "yo", "action_flag": 2, "change_message": "[{\"changed\": {\"fields\": [\"Title\"]}}]"}}, {"model": "admin.logentry", "pk": 27, "fields": {"action_time": "2025-02-18T19:45:15.110Z", "user": 1, "content_type": 9, "object_id": "6", "object_repr": "hi", "action_flag": 3, "change_message": ""}}, {"model": "admin.logentry", "pk": 28, "fields": {"action_time": "2025-02-18T19:46:04.766Z", "user": 1, "content_type": 9, "object_id": "9", "object_repr": "baby's christening", "action_flag": 2, "change_message": "[{\"changed\": {\"fields\": [\"Description\", \"Start\", \"End\"]}}]"}}, {"model": "admin.logentry", "pk": 29, "fields": {"action_time": "2025-02-18T19:47:30.105Z", "user": 1, "content_type": 9, "object_id": "13", "object_repr": "Bob's 60th birthday", "action_flag": 1, "change_message": "[{\"added\": {}}]"}}, {"model": "admin.logentry", "pk": 30, "fields": {"action_time": "2025-02-18T19:48:49.350Z", "user": 1, "content_type": 9, "object_id": "14", "object_repr": "Mary's 70th birthday", "action_flag": 1, "change_message": "[{\"added\": {}}]"}}, {"model": "admin.logentry", "pk": 31, "fields": {"action_time": "2025-02-18T19:50:51.010Z", "user": 1, "content_type": 9, "object_id": "15", "object_repr": "Joy's b'day", "action_flag": 2, "change_message": "[{\"changed\": {\"fields\": [\"User\", \"Title\"]}}]"}}, {"model": "admin.logentry", "pk": 32, "fields": {"action_time": "2025-02-19T12:09:06.591Z", "user": 1, "content_type": 9, "object_id": "21", "object_repr": "Valentine’s Day", "action_flag": 3, "change_message": ""}}, {"model": "admin.logentry", "pk": 33, "fields": {"action_time": "2025-02-19T12:09:06.591Z", "user": 1, "content_type": 9, "object_id": "20", "object_repr": "Valentine’s Day", "action_flag": 3, "change_message": ""}}, {"model": "admin.logentry", "pk": 34, "fields": {"action_time": "2025-02-19T12:09:06.591Z", "user": 1, "content_type": 9, "object_id": "19", "object_repr": "Valentine’s Day", "action_flag": 3, "change_message": ""}}, {"model": "admin.logentry", "pk": 35, "fields": {"action_time": "2025-02-23T23:55:28.715Z", "user": 1, "content_type": 12, "object_id": "1", "object_repr": "Bumblebee likes Whack it - scratch mat", "action_flag": 1, "change_message": "[{\"added\": {}}]"}}, {"model": "admin.logentry", "pk": 36, "fields": {"action_time": "2025-02-23T23:57:19.502Z", "user": 1, "content_type": 10, "object_id": "35", "object_repr": "G is friends with admin", "action_flag": 1, "change_message": "[{\"added\": {}}]"}}, {"model": "admin.logentry", "pk": 37, "fields": {"action_time": "2025-02-23T23:58:22.507Z", "user": 1, "content_type": 12, "object_id": "2", "object_repr": "admin likes end of month get together", "action_flag": 1, "change_message": "[{\"added\": {}}]"}}, {"model": "admin.logentry", "pk": 38, "fields": {"action_time": "2025-02-24T00:01:14.994Z", "user": 1, "content_type": 10, "object_id": "35", "object_repr": "G is friends with admin", "action_flag": 3, "change_message": ""}}, {"model": "admin.logentry", "pk": 39, "fields": {"action_time": "2025-02-24T00:01:26.420Z", "user": 1, "content_type": 10, "object_id": "27", "object_repr": "G is friends with luke", "action_flag": 3, "change_message": ""}}, {"model": "admin.logentry", "pk": 40, "fields": {"action_time": "2025-02-24T00:06:21.161Z", "user": 1, "content_type": 13, "object_id": "5", "object_repr": "Bumblebee", "action_flag": 2, "change_message": "[{\"changed\": {\"fields\": [\"Status message\"]}}]"}}, {"model": "admin.logentry", "pk": 41, "fields": {"action_time": "2025-02-24T00:06:39.054Z", "user": 1, "content_type": 13, "object_id": "2", "object_repr": "user1", "action_flag": 2, "change_message": "[{\"changed\": {\"fields\": [\"Status message\"]}}]"}}, {"model": "admin.logentry", "pk": 42, "fields": {"action_time": "2025-02-24T00:07:01.328Z", "user": 1, "content_type": 13, "object_id": "3", "object_repr": "user2", "action_flag": 2, "change_message": "[{\"changed\": {\"fields\": [\"Status message\"]}}]"}}, {"model": "admin.logentry", "pk": 43, "fields": {"action_time": "2025-02-24T00:07:34.175Z", "user": 1, "content_type": 13, "object_id": "4", "object_repr": "user3", "action_flag": 2, "change_message": "[{\"changed\": {\"fields\": [\"Status message\"]}}]"}}, {"model": "admin.logentry", "pk": 44, "fields": {"action_time": "2025-02-24T00:09:47.086Z", "user": 1, "content_type": 13, "object_id": "8", "object_repr": "user4", "action_flag": 1, "change_message": "[{\"added\": {}}]"}}, {"model": "admin.logentry", "pk": 45, "fields": {"action_time": "2025-02-24T00:10:02.757Z", "user": 1, "content_type": 13, "object_id": "8", "object_repr": "user4", "action_flag": 2, "change_message": "[{\"changed\": {\"fields\": [\"Birthday\"]}}]"}}, {"model": "admin.logentry", "pk": 46, "fields": {"action_time": "2025-02-24T01:14:27.924Z", "user": 1, "content_type": 4, "object_id": "5", "object_repr": "user4", "action_flag": 2, "change_message": "[{\"changed\": {\"fields\": [\"password\"]}}]"}}, {"model": "admin.logentry", "pk": 47, "fields": {"action_time": "2025-02-24T01:15:49.314Z", "user": 1, "content_type": 10, "object_id": "38", "object_repr": "admin is friends with G", "action_flag": 3, "change_message": ""}}, {"model": "admin.logentry", "pk": 48, "fields": {"action_time": "2025-02-24T01:16:07.508Z", "user": 1, "content_type": 10, "object_id": "39", "object_repr": "G is friends with admin", "action_flag": 1, "change_message": "[{\"added\": {}}]"}}, {"model": "admin.logentry", "pk": 49, "fields": {"action_time": "2025-02-24T01:16:24.150Z", "user": 1, "content_type": 10, "object_id": "40", "object_repr": "G is friends with user4", "action_flag": 1, "change_message": "[{\"added\": {}}]"}}, {"model": "admin.logentry", "pk": 50, "fields": {"action_time": "2025-02-24T01:16:42.119Z", "user": 1, "content_type": 10, "object_id": "41", "object_repr": "G is friends with luke", "action_flag": 1, "change_message": "[{\"added\": {}}]"}}, {"model": "admin.logentry", "pk": 51, "fields": {"action_time": "2025-02-24T01:17:33.828Z", "user": 1, "content_type": 10, "object_id": "23", "object_repr": "admin is friends with luke", "action_flag": 3, "change_message": ""}}, {"model": "admin.logentry", "pk": 52, "fields": {"action_time": "2025-02-24T02:02:27.232Z", "user": 1, "content_type": 4, "object_id": "1", "object_repr": "admin", "action_flag": 2, "change_message": "[{\"changed\": {\"fields\": [\"password\"]}}]"}}, {"model": "admin.logentry", "pk": 53, "fields": {"action_time": "2025-02-24T02:05:39.293Z", "user": 1, "content_type": 10, "object_id": "41", "object_repr": "G is friends with luke", "action_flag": 3, "change_message": ""}}, {"model": "admin.logentry", "pk": 54, "fields": {"action_time": "2025-02-24T02:05:39.293Z", "user": 1, "content_type": 10, "object_id": "40", "object_repr": "G is friends with user4", "action_flag": 3, "change_message": ""}}, {"model": "admin.logentry", "pk": 55, "fields": {"action_time": "2025-02-24T02:05:39.293Z", "user": 1, "content_type": 10, "object_id": "39", "object_repr": "G is friends with admin", "action_flag": 3, "change_message": ""}}, {"model": "admin.logentry", "pk": 56, "fields": {"action_time": "2025-02-24T02:07:20.254Z", "user": 1, "content_type": 4, "object_id": "7", "object_repr": "Bumblebee", "action_flag": 2, "change_message": "[{\"changed\": {\"fields\": [\"password\"]}}]"}}, {"model": "admin.logentry", "pk": 57, "fields": {"action_time": "2025-02-24T02:07:43.766Z", "user": 1, "content_type": 4, "object_id": "2", "object_repr": "user1", "action_flag": 2, "change_message": "[{\"changed\": {\"fields\": [\"password\"]}}]"}}, {"model": "admin.logentry", "pk": 58, "fields": {"action_time": "2025-02-24T02:08:08.876Z", "user": 1, "content_type": 4, "object_id": "3", "object_repr": "user2", "action_flag": 2, "change_message": "[{\"changed\": {\"fields\": [\"password\"]}}]"}}, {"model": "admin.logentry", "pk": 59, "fields": {"action_time": "2025-02-24T02:08:51.719Z", "user": 1, "content_type": 4, "object_id": "4", "object_repr": "user3", "action_flag": 2, "change_message": "[{\"changed\": {\"fields\": [\"password\"]}}]"}}, {"model": "admin.logentry", "pk": 60, "fields": {"action_time": "2025-02-24T02:09:11.662Z", "user": 1, "content_type": 4, "object_id": "5", "object_repr": "user4", "action_flag": 2, "change_message": "[{\"changed\": {\"fields\": [\"password\"]}}]"}}, {"model": "admin.logentry", "pk": 61, "fields": {"action_time": "2025-02-24T02:10:08.246Z", "user": 1, "content_type": 4, "object_id": "9", "object_repr": "G", "action_flag": 2, "change_message": "[{\"changed\": {\"fields\": [\"password\"]}}]"}}, {"model": "admin.logentry", "pk": 62, "fields": {"action_time": "2025-02-24T20:02:00.585Z", "user": 1, "content_type": 11, "object_id": "19", "object_repr": "ps5 (admin)", "action_flag": 2, "change_message": "[{\"changed\": {\"fields\": [\"Description\", \"Thumbnail url\"]}}]"}}, {"model": "admin.logentry", "pk": 63, "fields": {"action_time": "2025-02-24T20:02:33.608Z", "user": 1, "content_type": 11, "object_id": "14", "object_repr": "Green Sambas Trainers (admin)", "action_flag": 3, "change_message": ""}}, {"model": "admin.logentry", "pk": 64, "fields": {"action_time": "2025-02-24T20:02:33.608Z", "user": 1, "content_type": 11, "object_id": "9", "object_repr": "Keith Haring t-shirt (admin)", "action_flag": 3, "change_message": ""}}, {"model": "admin.logentry", "pk": 65, "fields": {"action_time": "2025-02-24T20:02:33.608Z", "user": 1, "content_type": 11, "object_id": "10", "object_repr": "light speaker (admin)", "action_flag": 3, "change_message": ""}}, {"model": "admin.logentry", "pk": 66, "fields": {"action_time": "2025-02-24T20:03:25.906Z", "user": 1, "content_type": 11, "object_id": "18", "object_repr": "Ps vr2 (admin)", "action_flag": 2, "change_message": "[{\"changed\": {\"fields\": [\"Category\"]}}]"}}, {"model": "admin.logentry", "pk": 67, "fields": {"action_time": "2025-02-27T20:52:38.744Z", "user": 1, "content_type": 9, "object_id": "16", "object_repr": "blah blah", "action_flag": 3, "change_message": ""}}, {"model": "admin.logentry", "pk": 68, "fields": {"action_time": "2025-02-27T20:52:38.744Z", "user": 1, "content_type": 9, "object_id": "18", "object_repr": "sfcsfda", "action_flag": 3, "change_message": ""}}, {"model": "admin.logentry", "pk": 69, "fields": {"action_time": "2025-02-27T20:52:38.744Z", "user": 1, "content_type": 9, "object_id": "17", "object_repr": "dgvarg aag", "action_flag": 3, "change_message": ""}}, {"model": "admin.logentry", "pk": 70, "fields": {"action_time": "2025-02-27T20:52:55.875Z", "user": 1, "content_type": 9, "object_id": "9", "object_repr": "baby's christening", "action_flag": 3, "change_message": ""}}, {"model": "admin.logentry", "pk": 71, "fields": {"action_time": "2025-02-27T20:53:22.729Z", "user": 1, "content_type": 9, "object_id": "8", "object_repr": "baby's christening", "action_flag": 3, "change_message": ""}}, {"model": "admin.logentry", "pk": 72, "fields": {"action_time": "2025-02-27T20:53:22.729Z", "user": 1, "content_type": 9, "object_id": "15", "object_repr": "Joy's b'day", "action_flag": 3, "change_message": ""}}, {"model": "admin.logentry", "pk": 73, "fields": {"action_time": "2025-02-27T20:56:19.620Z", "user": 1, "content_type": 9, "object_id": "25", "object_repr": "St David’s Day", "action_flag": 1, "change_message": "[{\"added\": {}}]"}}, {"model": "admin.logentry", "pk": 74, "fields": {"action_time": "2025-02-27T21:01:11.933Z", "user": 1, "content_type": 11, "object_id": "22", "object_repr": "Ps5 console (admin)", "action_flag": 1, "change_message": "[{\"added\": {}}]"}}, {"model": "admin.logentry", "pk": 75, "fields": {"action_time": "2025-02-27T21:18:13.046Z", "user": 1, "content_type": 13, "object_id": "2", "object_repr": "user1", "action_flag": 2, "change_message": "[{\"changed\": {\"fields\": [\"Image\", \"About me\", \"Favorite links\"]}}]"}}, {"model": "admin.logentry", "pk": 76, "fields": {"action_time": "2025-03-02T16:27:54.427Z", "user": 1, "content_type": 9, "object_id": "26", "object_repr": "Shrove Tuesday", "action_flag": 1, "change_message": "[{\"added\": {}}]"}}, {"model": "admin.logentry", "pk": 77, "fields": {"action_time": "2025-03-02T17:34:36.432Z", "user": 1, "content_type": 10, "object_id": "45", "object_repr": "admin is friends with luke", "action_flag": 3, "change_message": ""}}, {"model": "admin.logentry", "pk": 78, "fields": {"action_time": "2025-03-02T17:34:51.388Z", "user": 1, "content_type": 10, "object_id": "43", "object_repr": "G is friends with user4", "action_flag": 3, "change_message": ""}}, {"model": "admin.logentry", "pk": 79, "fields": {"action_time": "2025-03-02T17:35:20.502Z", "user": 1, "content_type": 10, "object_id": "34", "object_repr": "user3 is friends with luke", "action_flag": 3, "change_message": ""}}, {"model": "admin.logentry", "pk": 80, "fields": {"action_time": "2025-03-02T17:35:20.502Z", "user": 1, "content_type": 10, "object_id": "33", "object_repr": "user3 is friends with user1", "action_flag": 3, "change_message": ""}}, {"model": "admin.logentry", "pk": 81, "fields": {"action_time": "2025-03-02T17:35:20.502Z", "user": 1, "content_type": 10, "object_id": "9", "object_repr": "user3 is friends with user4", "action_flag": 3, "change_message": ""}}, {"model": "admin.logentry", "pk": 82, "fields": {"action_time": "2025-03-02T17:36:25.502Z", "user": 1, "content_type": 10, "object_id": "46", "object_repr": "admin is friends with nwaa", "action_flag": 1, "change_message": "[{\"added\": {}}]"}}, {"model": "admin.logentry", "pk": 83, "fields": {"action_time": "2025-03-02T17:48:39.926Z", "user": 1, "content_type": 10, "object_id": "47", "object_repr": "G is friends with nwaa", "action_flag": 2, "change_message": "[]"}}, {"model": "admin.logentry", "pk": 84, "fields": {"action_time": "2025-03-02T18:10:41.292Z", "user": 1, "content_type": 10, "object_id": "47", "object_repr": "G -> nwaa (Confirmed: True)", "action_flag": 3, "change_message": ""}}, {"model": "auth.permission", "pk": 1, "fields": {"name": "Can add log entry", "content_type": 1, "codename": "add_logentry"}}, {"model": "auth.permission", "pk": 2, "fields": {"name": "Can change log entry", "content_type": 1, "codename": "change_logentry"}}, {"model": "auth.permission", "pk": 3, "fields": {"name": "Can delete log entry", "content_type": 1, "codename": "delete_logentry"}}, {"model": "auth.permission", "pk": 4, "fields": {"name": "Can view log entry", "content_type": 1, "codename": "view_logentry"}}, {"model": "auth.permission", "pk": 5, "fields": {"name": "Can add permission", "content_type": 2, "codename": "add_permission"}}, {"model": "auth.permission", "pk": 6, "fields": {"name": "Can change permission", "content_type": 2, "codename": "change_permission"}}, {"model": "auth.permission", "pk": 7, "fields": {"name": "Can delete permission", "content_type": 2, "codename": "delete_permission"}}, {"model": "auth.permission", "pk": 8, "fields": {"name": "Can view permission", "content_type": 2, "codename": "view_permission"}}, {"model": "auth.permission", "pk": 9, "fields": {"name": "Can add group", "content_type": 3, "codename": "add_group"}}, {"model": "auth.permission", "pk": 10, "fields": {"name": "Can change group", "content_type": 3, "codename": "change_group"}}, {"model": "auth.permission", "pk": 11, "fields": {"name": "Can delete group", "content_type": 3, "codename": "delete_group"}}, {"model": "auth.permission", "pk": 12, "fields": {"name": "Can view group", "content_type": 3, "codename": "view_group"}}, {"model": "auth.permission", "pk": 13, "fields": {"name": "Can add user", "content_type": 4, "codename": "add_user"}}, {"model": "auth.permission", "pk": 14, "fields": {"name": "Can change user", "content_type": 4, "codename": "change_user"}}, {"model": "auth.permission", "pk": 15, "fields": {"name": "Can delete user", "content_type": 4, "codename": "delete_user"}}, {"model": "auth.permission", "pk": 16, "fields": {"name": "Can view user", "content_type": 4, "codename": "view_user"}}, {"model": "auth.permission", "pk": 17, "fields": {"name": "Can add content type", "content_type": 5, "codename": "add_contenttype"}}, {"model": "auth.permission", "pk": 18, "fields": {"name": "Can change content type", "content_type": 5, "codename": "change_contenttype"}}, {"model": "auth.permission", "pk": 19, "fields": {"name": "Can delete content type", "content_type": 5, "codename": "delete_contenttype"}}, {"model": "auth.permission", "pk": 20, "fields": {"name": "Can view content type", "content_type": 5, "codename": "view_contenttype"}}, {"model": "auth.permission", "pk": 21, "fields": {"name": "Can add session", "content_type": 6, "codename": "add_session"}}, {"model": "auth.permission", "pk": 22, "fields": {"name": "Can change session", "content_type": 6, "codename": "change_session"}}, {"model": "auth.permission", "pk": 23, "fields": {"name": "Can delete session", "content_type": 6, "codename": "delete_session"}}, {"model": "auth.permission", "pk": 24, "fields": {"name": "Can view session", "content_type": 6, "codename": "view_session"}}, {"model": "auth.permission", "pk": 25, "fields": {"name": "Can add email address", "content_type": 7, "codename": "add_emailaddress"}}, {"model": "auth.permission", "pk": 26, "fields": {"name": "Can change email address", "content_type": 7, "codename": "change_emailaddress"}}, {"model": "auth.permission", "pk": 27, "fields": {"name": "Can delete email address", "content_type": 7, "codename": "delete_emailaddress"}}, {"model": "auth.permission", "pk": 28, "fields": {"name": "Can view email address", "content_type": 7, "codename": "view_emailaddress"}}, {"model": "auth.permission", "pk": 29, "fields": {"name": "Can add email confirmation", "content_type": 8, "codename": "add_emailconfirmation"}}, {"model": "auth.permission", "pk": 30, "fields": {"name": "Can change email confirmation", "content_type": 8, "codename": "change_emailconfirmation"}}, {"model": "auth.permission", "pk": 31, "fields": {"name": "Can delete email confirmation", "content_type": 8, "codename": "delete_emailconfirmation"}}, {"model": "auth.permission", "pk": 32, "fields": {"name": "Can view email confirmation", "content_type": 8, "codename": "view_emailconfirmation"}}, {"model": "auth.permission", "pk": 33, "fields": {"name": "Can add planner", "content_type": 9, "codename": "add_planner"}}, {"model": "auth.permission", "pk": 34, "fields": {"name": "Can change planner", "content_type": 9, "codename": "change_planner"}}, {"model": "auth.permission", "pk": 35, "fields": {"name": "Can delete planner", "content_type": 9, "codename": "delete_planner"}}, {"model": "auth.permission", "pk": 36, "fields": {"name": "Can view planner", "content_type": 9, "codename": "view_planner"}}, {"model": "auth.permission", "pk": 37, "fields": {"name": "Can add friendship", "content_type": 10, "codename": "add_friendship"}}, {"model": "auth.permission", "pk": 38, "fields": {"name": "Can change friendship", "content_type": 10, "codename": "change_friendship"}}, {"model": "auth.permission", "pk": 39, "fields": {"name": "Can delete friendship", "content_type": 10, "codename": "delete_friendship"}}, {"model": "auth.permission", "pk": 40, "fields": {"name": "Can view friendship", "content_type": 10, "codename": "view_friendship"}}, {"model": "auth.permission", "pk": 41, "fields": {"name": "Can add wishlist item", "content_type": 11, "codename": "add_wishlistitem"}}, {"model": "auth.permission", "pk": 42, "fields": {"name": "Can change wishlist item", "content_type": 11, "codename": "change_wishlistitem"}}, {"model": "auth.permission", "pk": 43, "fields": {"name": "Can delete wishlist item", "content_type": 11, "codename": "delete_wishlistitem"}}, {"model": "auth.permission", "pk": 44, "fields": {"name": "Can view wishlist item", "content_type": 11, "codename": "view_wishlistitem"}}, {"model": "auth.permission", "pk": 45, "fields": {"name": "Can add like", "content_type": 12, "codename": "add_like"}}, {"model": "auth.permission", "pk": 46, "fields": {"name": "Can change like", "content_type": 12, "codename": "change_like"}}, {"model": "auth.permission", "pk": 47, "fields": {"name": "Can delete like", "content_type": 12, "codename": "delete_like"}}, {"model": "auth.permission", "pk": 48, "fields": {"name": "Can view like", "content_type": 12, "codename": "view_like"}}, {"model": "auth.permission", "pk": 49, "fields": {"name": "Can add my account", "content_type": 13, "codename": "add_myaccount"}}, {"model": "auth.permission", "pk": 50, "fields": {"name": "Can change my account", "content_type": 13, "codename": "change_myaccount"}}, {"model": "auth.permission", "pk": 51, "fields": {"name": "Can delete my account", "content_type": 13, "codename": "delete_myaccount"}}, {"model": "auth.permission", "pk": 52, "fields": {"name": "Can view my account", "content_type": 13, "codename": "view_myaccount"}}, {"model": "auth.permission", "pk": 53, "fields": {"name": "Can add wishlist category", "content_type": 14, "codename": "add_wishlistcategory"}}, {"model": "auth.permission", "pk": 54, "fields": {"name": "Can change wishlist category", "content_type": 14, "codename": "change_wishlistcategory"}}, {"model": "auth.permission", "pk": 55, "fields": {"name": "Can delete wishlist category", "content_type": 14, "codename": "delete_wishlistcategory"}}, {"model": "auth.permission", "pk": 56, "fields": {"name": "Can view wishlist category", "content_type": 14, "codename": "view_wishlistcategory"}}, {"model": "auth.user", "pk": 1, "fields": {"password": "pbkdf2_sha256$870000$rLs3vpqQgfOrMMMQ91GZ7u$cJsMzyZJ5E4c1c1hIy/fQdiWfXT2vGo+jgBcyUKxMSg=", "last_login": "2025-03-02T18:10:24.472Z", "is_superuser": true, "username": "admin", "first_name": "", "last_name": "", "email": "", "is_staff": true, "is_active": true, "date_joined": "2025-02-10T19:10:32.273Z", "groups": [], "user_permissions": []}}, {"model": "auth.user", "pk": 2, "fields": {"password": "pbkdf2_sha256$870000$4Gs4lC3F9RFBqgRw6LhtuD$H99t4/f2yUJ3spUf9FiLvhDV52BPpQ87Ntdodbd1bBI=", "last_login": "2025-02-15T15:55:40.978Z", "is_superuser": false, "username": "user1", "first_name": "", "last_name": "", "email": "", "is_staff": false, "is_active": true, "date_joined": "2025-02-10T19:12:30.888Z", "groups": [], "user_permissions": []}}, {"model": "auth.user", "pk": 3, "fields": {"password": "pbkdf2_sha256$870000$EFEXPZPxPH6ckDzRuHQoLo$KmBDrbHaVTyN7ErXntIlgD+ZW+fkR4rrJYVVGikhUoI=", "last_login": "2025-02-24T01:40:16.552Z", "is_superuser": false, "username": "user2", "first_name": "", "last_name": "", "email": "", "is_staff": false, "is_active": true, "date_joined": "2025-02-10T19:12:51.061Z", "groups": [], "user_permissions": []}}, {"model": "auth.user", "pk": 4, "fields": {"password": "pbkdf2_sha256$870000$6teI3yWfQZdU7KouuAjCGA$QdpZUPc/bi3umRwTF9pk1sxm/oZMKoduAKrJ6LzIOjk=", "last_login": "2025-02-27T03:01:24.399Z", "is_superuser": false, "username": "user3", "first_name": "", "last_name": "", "email": "", "is_staff": false, "is_active": true, "date_joined": "2025-02-10T19:34:17.643Z", "groups": [], "user_permissions": []}}, {"model": "auth.user", "pk": 5, "fields": {"password": "pbkdf2_sha256$870000$WpduEYDvFGJ9qS97hCPw3h$2/q3+rP4BDiJowLj2Mnie0+UVa7OPwCAG97eJHDdbVk=", "last_login": "2025-02-24T02:12:23.930Z", "is_superuser": false, "username": "user4", "first_name": "", "last_name": "", "email": "", "is_staff": false, "is_active": true, "date_joined": "2025-02-11T11:46:39Z", "groups": [], "user_permissions": []}}, {"model": "auth.user", "pk": 6, "fields": {"password": "pbkdf2_sha256$870000$QThu6TRgBbms7n5s5N5s5f$W0OSqf+Un0zOBlNmfe2PneWZyUABoN+UGiTUBkqwJGs=", "last_login": "2025-02-12T01:39:49Z", "is_superuser": false, "username": "deeton", "first_name": "", "last_name": "", "email": "deetonrushton1@icloud.com", "is_staff": false, "is_active": true, "date_joined": "2025-02-12T01:39:48Z", "groups": [], "user_permissions": []}}, {"model": "auth.user", "pk": 7, "fields": {"password": "pbkdf2_sha256$870000$0M6Go9eRSv5a5Ymf1AKiCx$qgc0KMwVy/eoUsCmNejeuF+dVVRL6G3yChxRyR+jnxc=", "last_login": "2025-02-24T01:50:41.680Z", "is_superuser": false, "username": "Bumblebee", "first_name": "", "last_name": "", "email": "", "is_staff": false, "is_active": true, "date_joined": "2025-02-13T00:27:41.929Z", "groups": [], "user_permissions": []}}, {"model": "auth.user", "pk": 8, "fields": {"password": "pbkdf2_sha256$870000$rcZekJOAAdfXqf0znm8Fch$9dk/00tAqP5lD0j8U5TAqG7nMDflQK4vPRbAt+zkMhc=", "last_login": "2025-02-13T00:42:15Z", "is_superuser": false, "username": "luke", "first_name": "", "last_name": "", "email": "", "is_staff": false, "is_active": true, "date_joined": "2025-02-13T00:42:14Z", "groups": [], "user_permissions": []}}, {"model": "auth.user", "pk": 9, "fields": {"password": "pbkdf2_sha256$870000$eDpJRtOvvAa3u85NK1MmZN$OPJXziQBZyWFD/okX16fdY6VIK9a7Tj2lZaq2BDnIMo=", "last_login": "2025-03-02T18:11:16.159Z", "is_superuser": false, "username": "G", "first_name": "", "last_name": "", "email": "", "is_staff": false, "is_active": true, "date_joined": "2025-02-18T20:40:30.957Z", "groups": [], "user_permissions": []}}, {"model": "auth.user", "pk": 10, "fields": {"password": "pbkdf2_sha256$870000$bPlriUJiSKrcs2CE4uIyJ8$2YgHj1gJkx17PuUaxN+mErXkOwZ6LyhtClBVg/3fkHA=", "last_login": "2025-03-02T18:11:52.641Z", "is_superuser": false, "username": "nwaa", "first_name": "", "last_name": "", "email": "", "is_staff": false, "is_active": true, "date_joined": "2025-02-28T11:34:44.061Z", "groups": [], "user_permissions": []}}, {"model": "contenttypes.contenttype", "pk": 1, "fields": {"app_label": "admin", "model": "logentry"}}, {"model": "contenttypes.contenttype", "pk": 2, "fields": {"app_label": "auth", "model": "permission"}}, {"model": "contenttypes.contenttype", "pk": 3, "fields": {"app_label": "auth", "model": "group"}}, {"model": "contenttypes.contenttype", "pk": 4, "fields": {"app_label": "auth", "model": "user"}}, {"model": "contenttypes.contenttype", "pk": 5, "fields": {"app_label": "contenttypes", "model": "contenttype"}}, {"model": "contenttypes.contenttype", "pk": 6, "fields": {"app_label": "sessions", "model": "session"}}, {"model": "contenttypes.contenttype", "pk": 7, "fields": {"app_label": "account", "model": "emailaddress"}}, {"model": "contenttypes.contenttype", "pk": 8, "fields": {"app_label": "account", "model": "emailconfirmation"}}, {"model": "contenttypes.contenttype", "pk": 9, "fields": {"app_label": "planner", "model": "planner"}}, {"model": "contenttypes.contenttype", "pk": 10, "fields": {"app_label": "friendslist", "model": "friendship"}}, {"model": "contenttypes.contenttype", "pk": 11, "fields": {"app_label": "wishlist", "model": "wishlistitem"}}, {"model": "contenttypes.contenttype", "pk": 12, "fields": {"app_label": "myaccount", "model": "like"}}, {"model": "contenttypes.contenttype", "pk": 13, "fields": {"app_label": "myaccount", "model": "myaccount"}}, {"model": "contenttypes.contenttype", "pk": 14, "fields": {"app_label": "wishlist", "model": "wishlistcategory"}}, {"model": "sessions.session", "pk": "0kndalveibuutp1h2bra5yb41m6dvj35", "fields": {"session_data": ".eJxVjMEOwiAQRP-FsyEghbIevfsNZFkWqRpISnsy_rtt0oOeJpn3Zt4i4LqUsHaew5TERWhx-u0i0pPrDtID671JanWZpyh3RR60y1tL_Loe7t9BwV62NWYgYGcVZgM0OANZw-gTW7REEcxZOx4V-5gUECKZLSKiY4iD1yA-X_1AOKQ:1tnyhl:XRV_8VUm6ukLm3bjdW5J9eWFOSeNC7oqCO3aiXMO6Dg", "expire_date": "2025-03-14T11:38:57.358Z"}}, {"model": "sessions.session", "pk": "1orejd80qczfkww17cz78xoczhjekl53", "fields": {"session_data": ".eJxVj0tuwzAMBe_CtWFYv0r2svucoCgMiqJrtY0UWDKSIsjdG7XZZPfINxyAV0CivKc6415XTjUS1pjTfOS65lBgervCf4YJTljKOW8BOsAKk7B6eJFGOt1LpYV1poO98JbwyHe6RQW39w7-5HOb59g8Gp52HumLUyvCJ6aP3FNOdYu-b0j_aEt_yIG_Xx_sk2DFst6vpQ0GBS1-VIjoAy8Le-LBC8M8eqmQ2Y3BUxDGSWe1CqS01zTYhRS7Ji1cSvufL6e4_cA03H4BraliCg:1tnU9M:WvT9zwanvEDARg4y143q119oMgxSFtEspCJVl_YA60E", "expire_date": "2025-03-13T03:01:24.434Z"}}, {"model": "sessions.session", "pk": "1urcs3x8fyst2q92z38bzbn635lpuv82", "fields": {"session_data": ".eJxVjMEOwiAQRP-FsyEghbIevfsNZFkWqRpISnsy_rtt0oOeJpn3Zt4i4LqUsHaew5TERWhx-u0i0pPrDtID671JanWZpyh3RR60y1tL_Loe7t9BwV62NWYgYGcVZgM0OANZw-gTW7REEcxZOx4V-5gUECKZLSKiY4iD1yA-X_1AOKQ:1tmXHN:4XfP03Fo0xmEiU0ddgVxQGY7Jx0rDhztvpCpAN1fcCM", "expire_date": "2025-03-10T12:09:45.989Z"}}, {"model": "sessions.session", "pk": "2ahrfid06lu3ci8m6yeomelppbqg2kcu", "fields": {"session_data": ".eJxVjMEOgyAQRP-Fc2NYLYje2h8hC7tEUoqJQC9N_7218eJx3sy8t0Dv15arffEWQ2Sy_MSYxJxbShdhsdXFtsKbjSRmYcSJOfQPznuBKe24O3Tdf3PUpbv9EucaPda45vvxOqkWLMvumdAMBuXoFYDSkhUxGiLUGAY3Bh8AvOwnee2hDwEJzOQ0O9AknVKj-HwBl1dILw:1tiNJ1:wgNPwafwnPr8r6X5Ym63SFQncHtZ2WMf2zucHGUZw3s", "expire_date": "2025-02-27T00:42:15.487Z"}}, {"model": "sessions.session", "pk": "34mz216uc8zphtqr1ifoucuepegb7siz", "fields": {"session_data": ".eJxVj0FOxDAMRe_idVUlbd0mXbLnBAhVjmPRAE1GTSpAo7k7Dcxmdl__Pz3LVyDmdMSy0FFWiSUwlZDisklZk88wv1zhP8MMF8r5K-0eGqACs556azoclG7xDMZgA0eWPdImJ01-CxFurw38yZc6LaF6NDx0jvhDYh38O8W31HKKZQ-urUh7X3P7nLx8Pt3ZB8FKea0HtTWsxXh0ozVE0ms7DjhOiNQpq8SyOPQDqYmVHR3aHhVpPtOgueMqzZJz_V--L2H_gVndfgE0tV_E:1tk841:ovpek23JAs8IcZSByEf1aA2rLkG4nXo-yToY_SsraGE", "expire_date": "2025-03-03T20:50:01.758Z"}}, {"model": "sessions.session", "pk": "4li1xmquv5r41t4thct7mni05ve9ebvo", "fields": {"session_data": ".eJxVj0FuwyAQRe8yawuBA9h42X1PUFXWMIxi2hoig9VWUe6ekGST3df_T280Z0CivKc6414XTjUS1pjTvHJdcigwfZzhkWGCE5bym7cAHWCFSQ1a9lb1TgutpZGj7WAvvCVc-UZjWGOCy2cHd_ncpjk2j4KXziN9c2pD-MJ0zIJyqlv0oiHiuRbxngP_vD3ZF8GCZWkHlRtJ8RiMt25E5INyVhs7GIO9dJIdsTdBoxxIOuuNOxiJim5JK-qpSQuX0v7nv1Pc_mGSlyshvV-u:1tlxSY:wK4O1QU5Kz4R-zqN4hagQow2VJJoCroUUk2RtKeM_zE", "expire_date": "2025-03-08T21:54:54.576Z"}}, {"model": "sessions.session", "pk": "6bulrnln1rpvfdrlderwwqvqze07hnp2", "fields": {"session_data": ".eJxVj8tqwzAQRf9l1sZIth6Wl933C0oxo9FQq62lYMk0IeTfG7XZZHe593CGuQIS5SPVBY-6cqqRsMaclo3rmkOB-e0K_xlmOGEpP3kP0AFWmKUdnTKDtbJ31o1KjB0chfeEG99pDFtMcHvv4E--tGmJzSPhqfNIX5zaED4xfeSecqp79H1D-sda-tcc-PvlwT4JVixrOyjdRJKnoL1xEyKP0hmljdUaB-EEO2Kvg0JhSTjjtRu1QEn3pCQN1KSFS2n_8_kU9wvM4vYLMnNfwQ:1tibjA:qup7KCBI3n1JugguHbvgislt361WBuQwFKP8_JPtPxc", "expire_date": "2025-02-27T16:06:12.130Z"}}, {"model": "sessions.session", "pk": "999bfqe1d3rsuziti401io32zeea58rx", "fields": {"session_data": ".eJxVj0FugzAQRe8ya2TZBgPDsvueoKrQMB4Vt8WOsFETRbl74zab7L7-f3qjuQIxpyOWmY6ySiyBqYQU503KmnyG6e0K_xkmOFHOP2n30AAVmMzQYtdbtKjQGT3YBo4se6RN7jD5LUS4vTfw557rNIeqMfDULcRfEuvgPyl-JMUplj0sqiLqsWb1mrx8vzzYJ8FKea0HDY5sZPRu6XEkktZg37l-cI6sRi3IsjjfkR5YY784bJ0mw_fUGbZcpVlyru_L-RT2C0z69gvrdF-L:1tibli:Fo8IQ7W1EueWru6kNuVcTH12hCQpna8zgVv1W6ox45g", "expire_date": "2025-02-27T16:08:50.142Z"}}, {"model": "sessions.session", "pk": "c4kif4mrrpqlrgp728nmnjutdw8m7otm", "fields": {"session_data": ".eJxVj8tOxDAMRf_F66pK2jyaLtnzBQhVjmPRAE1GTSpAo_l3GpjN7K58ro7tKyBRPlJd8KgrpxoJa8xp2biuORSYX67wn2GGC5bylfcAHWCFWdrRKaOUGvvBWuOmDo7Ce8KNzzKGLSa4vXbw514aWmLTSHiYeaQPTg2Ed0xvuaec6h593yr9nZb-OQf-fLp3HwQrlrUtlG4iyVPQ_rwFkUfpjNLGao2DcIIdsddBobAknPHajVqgpDMpSQM1aeFS2vv8fYn7D8zi9gvx7l-T:1ticA7:t8eDO6AFvGGLSAMgrhyzPZ2PCqdlBDdtSurtZKvSVwQ", "expire_date": "2025-02-27T16:34:03.462Z"}}, {"model": "sessions.session", "pk": "f8nmo3n0bu1kk90it5fphgsavyuisqnm", "fields": {"session_data": ".eJxVkMGOgzAMRP_FZ4TSOITAbfsbVYWcxAi0ECoS1K6q_vs2LRdu1sz4eeQnkHPLFlJHWxo4pNFRGpfQzZyGxUdoL0_4ztDCjWK8L6uHAihBe6qxUcIIrEqFxtTGFLBFXgPN_E7bbbYTW2Z4XQv4HOiy3Y2ZVcNBs-R-OWSDpinL5V6s_GR2O5Y_h5rnfeuAGigOb45G6dnrXjjfs0LqnbAoyKBTUjD2lSTpm4qFMBqbRpLW1hpnrSaSynGGRo4xf4Mft3H9g1a8_gHFFWcS:1tiNUJ:k8B0Wb265dTuBTS0xiU1aAmb3EK0IXGXmec5aHjVxpk", "expire_date": "2025-02-27T00:53:55.574Z"}}, {"model": "sessions.session", "pk": "h8s6w1yfujl4i9p7gb3cioma5e4pg95b", "fields": {"session_data": ".eJxVj8FuwyAMQP_F5whBICXkuPu-YJoiY5yFbYUqEHVV1X9f2XrpzfJ7fpKvgER5T3XGva6caiSsMaf5yHXNocD0doX_GSY4YSnnvAXoACtMyhrptFOqF8b11qixg73wlvDIdzudEeH23sFfe25kji2jJDwtPdIXp0bCJ6aPLCinukUvmiIetIjXHPj75eE-BVYs6_3aai1NYGccao9yoGHUTEsgb8k6QjRWjez9iDTgwXBQUvWIdllo0VrZFi1cSvuff05xu8Akb79MsGD6:1tonn6:bQk927oXCwofBHt42EG-Nw34TSsA951Y6leMs-aydy0", "expire_date": "2025-03-16T18:11:52.683Z"}}, {"model": "sessions.session", "pk": "iucbvu12n5ehj6qjqlt4g9sk53oibvbm", "fields": {"session_data": ".eJxVj8FuwyAMht_F5yiCkBDIcfc9wTRFxjgL2wJVIFqrqu--svXSky1_vz7rvwISpSOWGY-yciyBsIQU543LmnyG6e0K_ztMcMKcf9LuoQEsMMmxF9qozqh2EL3s1NjAkXmPuPE9jX4LEW7vDfzJ54rmUD0Snm4O6YtjBf4T40dqKcWyB9fWSPuguX1Nnr9fHtknwYp5rQ8XS5b1IHBRlnqt7CLtaDwPOBA5qzqpeRRsnBeWEEndh0PUbF1vpK3SzDnX_nw-hf0Ck7j9AmIHYOQ:1tnjEp:QQ-K_ELuptEBv58A0RZtGxPqEjvzGsoaiiXv31pM7iA", "expire_date": "2025-03-13T19:08:03.664Z"}}, {"model": "sessions.session", "pk": "kwbk301uhidvdprleq9u2g38flywxekq", "fields": {"session_data": ".eJxVj8FuwyAMht_F5yiCQArkuPueYJoiY5yFbYUqEK1V1Xdf2Xrp7bf_z5_kKyBR3lOdca8rpxoJa8xpPnJdcygwvV3hP8MEJyzlJ28BOsAKkzRaKGfcOPSHgxXCyA72wlvCI9_pFhXc3jv4k89tnmPzaHjaeaQvTq0In5g-ck851S36viH9oy39aw78_fJgnwQrlvV-PZgwoqTFO4WIPvCysCcWXo7Mzg8Kma0LnoIc7WCNVoGU9pqEWUixbdLCpbT_-XyK2wUmcfsFsypiEA:1tmX0i:xkHXEjxUu-zzKnJ8GZCQw_1N5ihvnNU9pkHqKfrfNCQ", "expire_date": "2025-03-10T11:52:32.821Z"}}, {"model": "sessions.session", "pk": "qr3hg00xs6vxcs6zo7hsvnwlbcl38x37", "fields": {"session_data": ".eJxVjMEOgyAQRP-Fc2MQCkVv7Y-QZXeJpBQThV6a_nu18eJx3sy8jwDEuZXq37ykmJg8vyBlMZaW80V4aHXybeXFJxKjsOLEAuCTy15AzjvuDl333xz12t23xKUmhJrm8jheJ9UE67R5BhWUhasCZHlTEoG0VsH1A4I0SmM0vaGIMTjZE5Mz0bLWkYIM7CyQ-P4AkKFItQ:1ti1jB:RobkJUdYmEpdUdgZCwFHS3kzOss-ieve13d_5QJsSHc", "expire_date": "2025-02-26T01:39:49.282Z"}}, {"model": "sessions.session", "pk": "sj5gy6sfnbe69vscrmjnq8cbo60ff64o", "fields": {"session_data": ".eJxVj8FugzAMht_FZ4QIkIA57r4nmCbkOGZkG0lFgtaq6ruv2XrpyZa_X5_1X4GY4xHyTEdeJWTPlH0M8yZ5jS7B9HaF_x0mOFFKP3F3UAFlmNTQN6bVRmOt-mHEoa3gSLIH2uSeJrf5ALf3Cv7kc0GzLx4FTzdL_CWhAPdJ4SPWHEPeva1LpH7QVL9GJ98vj-yTYKW0locLMorRDS0dcm86XBQOoxNNmtli1yojQyOjdQ0yEXf3YYmMoO1HhUWaJKXSX84nv19gam6_chBg9w:1tnUFP:n06026kI2Se39JB5B8xE0qCmkPis-OKIsGK6VO632To", "expire_date": "2025-03-13T03:07:39.313Z"}}, {"model": "sessions.session", "pk": "w66gnblz2e415s0916h581k4ukpw48v8", "fields": {"session_data": ".eJxVj8tOxDAMRf_F66pKpo_EXbLnCxCqHMelAZqMmlSARvPvTGA2s7Llc3WsewFiTkcsMx1llVgCUwkpzpuUNfkM08sF_neY4Ew5f6XdQwNUYNKmVx1qhbY9GTNY28CRZY-0yS1MfgsRrq8N_LnniuZQNRoebo74Q2IF_p3iW2o5xbIH19ZIe6e5fU5ePp_u2QfBSnmtDxdklHFQtHTI_djhotFYLwMNzA67kx7FKLHOK2Qi7m7DEY2CrrcaqzRLzrW-fJ_D_gOTuv4CLLdgww:1tmVEA:VGNP53D1iFyKfglwaW33HYdmMWjzrjAgKPHiZR_QMsA", "expire_date": "2025-03-10T09:58:18.434Z"}}, {"model": "sessions.session", "pk": "wlbchsp8n7pfllyyhv5dqq38q2kgywtw", "fields": {"session_data": ".eJxVj0FuxCAMRe_idYTAIQGy7L4nqKrIEE9D24FRIGqr0dy9oZ3N7L79v5_tK1AIeU91pr2unGoMVGNO85nrmpcC08sV_jVMcKFSvvK2QAdUYVJGy37sle6FRavMMHSwF94SnflIN6nh9trBH3xu9RwbZ4CHnqfwwakZyzultyxCTnWLXrSIuLtFPOeFP5_u2QfASmU9pqWVwbvQs1W-H41TDp2V2js0QSOOiBiYpVWWR0Ps8XTcrh0fG9Rp8NighUtp__P3JW4_MMnbL_kaX3A:1tmNxH:75OvpY-wW0toc3QlfJmkcV5PMFeYG0rfrvH6cnL3Jao", "expire_date": "2025-03-10T02:12:23.956Z"}}, {"model": "sessions.session", "pk": "x2d72vbg6wnjkwvbpsp36kwoffu8i3uy", "fields": {"session_data": ".eJxVj0FuwyAQRe8yawtBMGC87L4nqCprGEY1bQ2RwWqrKHdvaLPJ7uv_pzeaCyBROXJb8Ggr55YIWyp52bitJVaYXy7wn2GGM9b6VfYIA2CDWTntvdPOTEJbY5WxAxyV94wb32iMW8pwfR3gT770aUndo-ChC0gfnPsQ3zG_FUEltz0F0RFxX6t4LpE_n-7sg2DFuvaDyk-keIomWD8hslbejsY6Y_AkvWRPHEwcUTqS3gbjtZGo6JZGRSfq0sq19v_5-5z2H5jl9Rc6PV_K:1tkkes:CqUAsa6LXRBMS51tX6Kv-6trVnqqJl7q1gw9DKF1ZIU", "expire_date": "2025-03-05T14:02:38.511Z"}}, {"model": "sessions.session", "pk": "yizzn3dcarlar7zh49kq8ly03d2fpsew", "fields": {"session_data": ".eJxVj8tOxDAMRf_F66rKqyTpkv18AUKV67g0wCSjJhWg0fw7Dcxmdte-x0fyFZAo76lOuNeVU42ENeY0nbmuORQYX67wn2GEC5bylbcAHWCFUVrtvfSDcb10bvBadrAX3hKe-aBbVHB77eBPPrV5is2j4WE3I31wakV4x_SWe8qpbnHuG9Lf29KfcuDP5zv7IFixrMe1WgiVskR60YYQn4J3wQhDVs7oJaHwg1XWKXGUbCwPRmtBRqE1y-LmJi1cSvufvy9x-4FR3H4BVVJgYw:1tkWYW:4wukzgR72EDzakR9h-sswtOZNvVxugYjBZ5J-RYWVTI", "expire_date": "2025-03-04T22:59:08.331Z"}}, {"model": "sessions.session", "pk": "zmf6e762vwnd5ndnwwvjz8ctgtaxodhl", "fields": {"session_data": ".eJxVj0FugzAQRe8ya4RswIZh2X1PUFVoPB4Vt8WOsFETRbl74zab7L7-f3qjuQIxpyOWhY6ySiyBqYQUl03KmnyG-e0K_xlmOFHOP2n30AAVmPXYI2pUo24HNWFnGziy7JE2ucPktxDh9t7An3up0xKqRsNT54i_JNbBf1L8SC2nWPbg2oq0jzW3r8nL98uDfRKslNd6UOPEWiZvnMWJSHqNdjB2NIY6hUqQxRk_kBpZoXUGe6NI8z0Nmjuu0iw51_flfAr7BWZ1-wXrU1-L:1tkWQp:wXq94PAbDR-NXKyRC7VytktQncBr1Qd8Rj7CJ9MVFDk", "expire_date": "2025-03-04T22:51:11.553Z"}}, {"model": "planner.planner", "pk": 7, "fields": {"user": 7, "title": "my birthday", "description": "", "start": "2025-02-24T07:00:00Z", "end": "2025-02-18T23:59:00Z", "created_at": "2025-02-18T14:12:14.813Z", "updated_at": "2025-02-18T14:12:14.813Z", "wishlist": null}}, {"model": "planner.planner", "pk": 12, "fields": {"user": 1, "title": "end of month get together", "description": "", "start": "2025-02-28T00:00:00Z", "end": "2025-02-28T00:00:00Z", "created_at": "2025-02-18T18:54:11.321Z", "updated_at": "2025-02-18T19:39:46.871Z", "wishlist": null}}, {"model": "planner.planner", "pk": 13, "fields": {"user": 5, "title": "Bob's 60th birthday", "description": "meeting at the red Lion pub from 5pm", "start": "2025-02-21T17:00:00Z", "end": "2025-02-21T00:00:00Z", "created_at": "2025-02-18T19:47:30.070Z", "updated_at": "2025-02-18T19:47:30.070Z", "wishlist": null}}, {"model": "planner.planner", "pk": 14, "fields": {"user": 5, "title": "Mary's 70th birthday", "description": "nothing planned as yet", "start": "2025-02-28T06:00:00Z", "end": "2025-02-28T00:00:00Z", "created_at": "2025-02-18T19:48:49.309Z", "updated_at": "2025-02-18T19:48:49.309Z", "wishlist": null}}, {"model": "planner.planner", "pk": 22, "fields": {"user": 9, "title": "Weekly catch up Day", "description": "", "start": "2025-02-24T00:00:00Z", "end": "2025-02-24T00:00:00Z", "created_at": "2025-02-18T22:49:54.153Z", "updated_at": "2025-02-18T22:49:54.153Z", "wishlist": null}}, {"model": "planner.planner", "pk": 24, "fields": {"user": 4, "title": "St Patrick’s day", "description": "", "start": "2025-03-17T00:00:00Z", "end": "2025-03-17T00:00:00Z", "created_at": "2025-02-18T22:56:28.203Z", "updated_at": "2025-02-18T22:56:28.203Z", "wishlist": null}}, {"model": "planner.planner", "pk": 25, "fields": {"user": 1, "title": "St David’s Day", "description": "Iechyd Da! Get some leeks", "start": "2025-03-01T12:00:00Z", "end": "2025-03-01T00:00:00Z", "created_at": "2025-02-27T20:56:19.593Z", "updated_at": "2025-02-27T20:56:19.593Z", "wishlist": null}}, {"model": "planner.planner", "pk": 26, "fields": {"user": 1, "title": "Shrove Tuesday", "description": "Pancake day party", "start": "2025-03-04T12:00:00Z", "end": "2025-03-04T18:00:00Z", "created_at": "2025-03-02T16:27:54.387Z", "updated_at": "2025-03-02T16:27:54.387Z", "wishlist": null}}, {"model": "friendslist.friendship", "pk": 1, "fields": {"user": 1, "friend": 2, "created_at": "2025-02-10T19:13:04.792Z", "updated_at": "2025-02-10T19:13:04.792Z", "confirmed": true}}, {"model": "friendslist.friendship", "pk": 2, "fields": {"user": 2, "friend": 1, "created_at": "2025-02-10T19:13:04.887Z", "updated_at": "2025-02-10T19:13:04.887Z", "confirmed": true}}, {"model": "friendslist.friendship", "pk": 5, "fields": {"user": 2, "friend": 3, "created_at": "2025-02-10T19:13:35.293Z", "updated_at": "2025-02-10T19:13:35.293Z", "confirmed": true}}, {"model": "friendslist.friendship", "pk": 6, "fields": {"user": 3, "friend": 2, "created_at": "2025-02-10T19:13:35.407Z", "updated_at": "2025-02-10T19:13:35.407Z", "confirmed": true}}, {"model": "friendslist.friendship", "pk": 7, "fields": {"user": 1, "friend": 4, "created_at": "2025-02-11T11:35:30.211Z", "updated_at": "2025-02-12T21:07:13.453Z", "confirmed": true}}, {"model": "friendslist.friendship", "pk": 8, "fields": {"user": 1, "friend": 5, "created_at": "2025-02-11T11:47:17.238Z", "updated_at": "2025-02-12T22:36:32.923Z", "confirmed": true}}, {"model": "friendslist.friendship", "pk": 10, "fields": {"user": 4, "friend": 1, "created_at": "2025-02-12T21:07:13.531Z", "updated_at": "2025-02-12T21:07:13.531Z", "confirmed": true}}, {"model": "friendslist.friendship", "pk": 11, "fields": {"user": 5, "friend": 1, "created_at": "2025-02-12T22:36:33.049Z", "updated_at": "2025-02-12T22:36:33.049Z", "confirmed": true}}, {"model": "friendslist.friendship", "pk": 12, "fields": {"user": 5, "friend": 3, "created_at": "2025-02-12T22:57:25.367Z", "updated_at": "2025-02-12T22:57:58.608Z", "confirmed": true}}, {"model": "friendslist.friendship", "pk": 13, "fields": {"user": 3, "friend": 5, "created_at": "2025-02-12T22:57:58.675Z", "updated_at": "2025-02-12T22:57:58.675Z", "confirmed": true}}, {"model": "friendslist.friendship", "pk": 16, "fields": {"user": 1, "friend": 3, "created_at": "2025-02-12T23:22:25.769Z", "updated_at": "2025-02-12T23:22:59.772Z", "confirmed": true}}, {"model": "friendslist.friendship", "pk": 17, "fields": {"user": 3, "friend": 1, "created_at": "2025-02-12T23:22:59.840Z", "updated_at": "2025-02-12T23:22:59.840Z", "confirmed": true}}, {"model": "friendslist.friendship", "pk": 18, "fields": {"user": 3, "friend": 4, "created_at": "2025-02-12T23:23:35.835Z", "updated_at": "2025-02-18T22:52:57.903Z", "confirmed": true}}, {"model": "friendslist.friendship", "pk": 19, "fields": {"user": 7, "friend": 1, "created_at": "2025-02-13T00:34:05.582Z", "updated_at": "2025-02-13T00:34:45.786Z", "confirmed": true}}, {"model": "friendslist.friendship", "pk": 20, "fields": {"user": 1, "friend": 7, "created_at": "2025-02-13T00:34:45.846Z", "updated_at": "2025-02-13T00:34:45.846Z", "confirmed": true}}, {"model": "friendslist.friendship", "pk": 21, "fields": {"user": 8, "friend": 7, "created_at": "2025-02-13T00:42:42.140Z", "updated_at": "2025-02-13T00:43:22.819Z", "confirmed": true}}, {"model": "friendslist.friendship", "pk": 22, "fields": {"user": 7, "friend": 8, "created_at": "2025-02-13T00:43:22.876Z", "updated_at": "2025-02-13T00:43:22.876Z", "confirmed": true}}, {"model": "friendslist.friendship", "pk": 28, "fields": {"user": 9, "friend": 7, "created_at": "2025-02-18T20:46:08.996Z", "updated_at": "2025-02-18T20:48:01.590Z", "confirmed": true}}, {"model": "friendslist.friendship", "pk": 31, "fields": {"user": 7, "friend": 9, "created_at": "2025-02-18T20:48:01.649Z", "updated_at": "2025-02-18T20:48:01.649Z", "confirmed": true}}, {"model": "friendslist.friendship", "pk": 32, "fields": {"user": 4, "friend": 3, "created_at": "2025-02-18T22:52:57.963Z", "updated_at": "2025-02-18T22:52:57.963Z", "confirmed": true}}, {"model": "friendslist.friendship", "pk": 46, "fields": {"user": 1, "friend": 10, "created_at": "2025-03-02T17:36:25.464Z", "updated_at": "2025-03-02T17:37:08.719Z", "confirmed": true}}, {"model": "friendslist.friendship", "pk": 48, "fields": {"user": 9, "friend": 10, "created_at": "2025-03-02T18:11:36.305Z", "updated_at": "2025-03-02T18:12:03.306Z", "confirmed": true}}, {"model": "wishlist.wishlistcategory", "pk": 1, "fields": {"user": 1, "name": "christmas list", "occasion_date": "2025-12-01", "created_at": "2025-02-24T19:44:59.986Z"}}, {"model": "wishlist.wishlistcategory", "pk": 2, "fields": {"user": 1, "name": "My birthday", "occasion_date": "2025-09-01", "created_at": "2025-02-24T20:05:59.437Z"}}, {"model": "wishlist.wishlistcategory", "pk": 3, "fields": {"user": 4, "name": "Christmas", "occasion_date": "2025-12-01", "created_at": "2025-02-27T03:02:26.909Z"}}, {"model": "wishlist.wishlistitem", "pk": 1, "fields": {"user": 2, "category": null, "item_name": "Bob Ross Bobblehead", "link": "http://www.firebox.com", "description": "", "thumbnail_url": null, "created_at": "2025-02-24T19:37:57.607Z"}}, {"model": "wishlist.wishlistitem", "pk": 2, "fields": {"user": 3, "category": null, "item_name": "track racing day", "link": "https://www.trackdays.co.uk/driving-experience/", "description": "track racing for half a day in cheshire", "thumbnail_url": "", "created_at": "2025-02-24T19:37:57.607Z"}}, {"model": "wishlist.wishlistitem", "pk": 3, "fields": {"user": 3, "category": null, "item_name": "Red Dress", "link": "https://www.marksandspencer.com/pure-cotton-tie-neck-midaxi-waisted-dress/p/clp60720693#intid=pid_pg1pip48g4r1c2%7Cprodflag_New", "description": "for my mum", "thumbnail_url": "https://assets.digitalcontent.marksandspencer.app/image/upload/q_auto,f_auto/SD_01_T42_9157_B0_X_EC_0", "created_at": "2025-02-24T19:37:57.607Z"}}, {"model": "wishlist.wishlistitem", "pk": 4, "fields": {"user": 3, "category": null, "item_name": "motherboard chopping board", "link": "https://firebox.com/motherboard-chopping-board", "description": "this is pretty cool!", "thumbnail_url": "https://firebox.com/media/catalog/product/cache/f47a9295ad87af8e3a00c829c5ecfb0b/m/b/mboar1.jpg", "created_at": "2025-02-24T19:37:57.607Z"}}, {"model": "wishlist.wishlistitem", "pk": 5, "fields": {"user": 4, "category": null, "item_name": "polaroid camera", "link": "https://www.wilkinson.co.uk/polaroid-now-generation-2-instant-camera-black-09-01/", "description": "i would like the red one please", "thumbnail_url": "https://www.wilkinson.co.uk/media/catalog/product/cache/913d0674eab2bfa61a7b10632cec3c13/2/9/29b5e78ae1b40022bfbe81b6b3a8427298e8819a-2048x2048_result.jpg", "created_at": "2025-02-24T19:37:57.607Z"}}, {"model": "wishlist.wishlistitem", "pk": 6, "fields": {"user": 7, "category": null, "item_name": "Whack it - scratch mat", "link": "https://www.jollyes.co.uk/rufus-rosie-cat-scratcher-whack-it-scratch-mat.html", "description": "Me want this. Me love to play", "thumbnail_url": "https://a.storyblok.com/f/152022/40e7ae15c3/64050_whack_it_scratch_mat_12-07-2024_02ab_02_lr.jpg", "created_at": "2025-02-24T19:37:57.607Z"}}, {"model": "wishlist.wishlistitem", "pk": 7, "fields": {"user": 7, "category": null, "item_name": "Fishy", "link": "https://www.jollyes.co.uk/james-steel-fishing-fun-teaser-toy-refill.html", "description": "Dis please.", "thumbnail_url": "https://a.storyblok.com/f/152022/ce0d824ee4/magic-wand-cat-fish-toy.jpg", "created_at": "2025-02-24T19:37:57.607Z"}}, {"model": "wishlist.wishlistitem", "pk": 8, "fields": {"user": 7, "category": null, "item_name": "Lucky mat", "link": "https://amzn.eu/d/ecJGYae", "description": "For my snacks - nomnomnom", "thumbnail_url": "", "created_at": "2025-02-24T19:37:57.607Z"}}, {"model": "wishlist.wishlistitem", "pk": 15, "fields": {"user": 9, "category": null, "item_name": "Cardi", "link": "https://www.next.co.uk/style/su376097/e55261#e55261", "description": "Size s or 8/10 please", "thumbnail_url": null, "created_at": "2025-02-24T19:37:57.607Z"}}, {"model": "wishlist.wishlistitem", "pk": 16, "fields": {"user": 9, "category": null, "item_name": "Tote bag comic relief", "link": "https://www.tkmaxx.com/uk/en/women/accessories/handbags/neutral-love-tote-with-red-straps/p/94068650", "description": "From tk maxx", "thumbnail_url": null, "created_at": "2025-02-24T19:37:57.607Z"}}, {"model": "wishlist.wishlistitem", "pk": 17, "fields": {"user": 9, "category": null, "item_name": "Sand colour fleece", "link": "https://shop.wwf.org.uk/products/recycled-unisex-sherpa-jacket-sand", "description": "Size small would be good", "thumbnail_url": null, "created_at": "2025-02-24T19:37:57.607Z"}}, {"model": "wishlist.wishlistitem", "pk": 18, "fields": {"user": 1, "category": 1, "item_name": "Ps vr2", "link": "https://www.smythstoys.com/uk/en-gb/gaming-and-tech/virtual-reality/playstation-vr2/playstation-vr2-headsets/playstation-vr2/p/225323", "description": "I just need the ps5 now 😅", "thumbnail_url": null, "created_at": "2025-02-24T19:37:57.607Z"}}, {"model": "wishlist.wishlistitem", "pk": 20, "fields": {"user": 4, "category": 3, "item_name": "Nintendo Switch OLed", "link": "https://www.argos.co.uk/product/4651510?clickPR=plp:2:12", "description": "Best price is at argos", "thumbnail_url": null, "created_at": "2025-02-27T03:04:28.793Z"}}, {"model": "wishlist.wishlistitem", "pk": 21, "fields": {"user": 4, "category": null, "item_name": "Adidas gazelles", "link": "https://m.jdsports.co.uk/product/blue-adidas-originals-gazelle/19676136/", "description": "Blue", "thumbnail_url": null, "created_at": "2025-02-27T03:06:15.743Z"}}, {"model": "wishlist.wishlistitem", "pk": 22, "fields": {"user": 1, "category": 1, "item_name": "Ps5 console", "link": "https://www.argos.co.uk/product/4709888?istCompanyId=a74d8886-5df9-4baa-b776-166b3bf9111c&istFeedId=30f62ea9-9626-4cac-97c8-9ff3921f8558&istItemId=laraaatml&istBid=t&utm_custom6=LIA&gclsrc=aw.ds&&cmpid=GS001&_$ja=tsid:59157%7Cacid:534-693-8244%7Ccid:20291201753%7Cagid:%7Ctid:%7Ccrid:%7Cnw:x%7Crnd:11878587379015240899%7Cdvc:c%7Cadp:%7Cmt:%7Cloc:9046501&utm_source=Google&utm_medium=cpc&utm_campaign=20291201753&utm_term=4709888&utm_content=shopping&utm_custom1=&utm_custom2=534-693-8244&GPDP=true&ga", "description": "Digital edition", "thumbnail_url": null, "created_at": "2025-02-27T21:01:11.872Z"}}, {"model": "myaccount.myaccount", "pk": 1, "fields": {"user": 1, "profile_image": "image/upload/v1739215585/profile_images/araoosmzr6xc0nsslame.png", "status_message": "working hard!!", "about_me": "I enjoy coding, gaming and pizza! Yes I'm a walking cliche!", "favorite_links": "", "birthday": "2025-02-10", "created_on": "2025-02-10T19:16:07.479Z", "updated_on": "2025-02-24T17:37:06.492Z"}}, {"model": "myaccount.myaccount", "pk": 2, "fields": {"user": 2, "profile_image": "image/upload/v1740691092/bahvw6l8ltcvxqmbuzgk.png", "status_message": "another day another dollar", "about_me": "Mid-life career changer, spreading positivity where I can", "favorite_links": "https://www.etsy.com/uk/\r\nhttps://www.ebay.co.uk/str/northwestairambulance?mkcid=16&mkevt=1&mkrid=711-127632-2357-0&ssspo=a4aW6MM_TfC&sssrc=3418065&ssuid=5cUie2_wTd2&widget_ver=artemis&media=COPY", "birthday": "2025-02-14", "created_on": "2025-02-10T19:16:49.764Z", "updated_on": "2025-02-27T21:18:13.014Z"}}, {"model": "myaccount.myaccount", "pk": 3, "fields": {"user": 3, "profile_image": "image/upload/v1739385353/profile_images/wqegnhb1svot0ykvwiz9.png", "status_message": "if you're happy and you know it ....", "about_me": "", "favorite_links": "", "birthday": null, "created_on": "2025-02-12T18:35:31.590Z", "updated_on": "2025-02-24T00:07:01.296Z"}}, {"model": "myaccount.myaccount", "pk": 4, "fields": {"user": 4, "profile_image": "image/upload/v1739391730/profile_images/j2g2hunzwzue6uz8cfst.png", "status_message": "better weather is a-coming!", "about_me": "", "favorite_links": "", "birthday": null, "created_on": "2025-02-12T20:02:16.960Z", "updated_on": "2025-02-24T00:07:34.141Z"}}, {"model": "myaccount.myaccount", "pk": 5, "fields": {"user": 7, "profile_image": "image/upload/v1739407310/profile_images/gqgejtyeduiraypqubo2.jpg", "status_message": "Meow Meow Meeeeeoooowww", "about_me": "", "favorite_links": "", "birthday": null, "created_on": "2025-02-13T00:27:42.856Z", "updated_on": "2025-02-24T00:06:21.123Z"}}, {"model": "myaccount.myaccount", "pk": 6, "fields": {"user": 8, "profile_image": null, "status_message": null, "about_me": null, "favorite_links": null, "birthday": null, "created_on": "2025-02-13T00:42:15.920Z", "updated_on": "2025-02-13T00:42:15.920Z"}}, {"model": "myaccount.myaccount", "pk": 7, "fields": {"user": 9, "profile_image": "image/upload/v1739911543/profile_images/aezxaaorsdknmjz5cohi.jpg", "status_message": null, "about_me": "Pass me the chocolate...", "favorite_links": "", "birthday": null, "created_on": "2025-02-18T20:40:31.977Z", "updated_on": "2025-02-27T17:40:19.585Z"}}, {"model": "myaccount.myaccount", "pk": 8, "fields": {"user": 5, "profile_image": "image/upload/v1740355785/bb8zthc1ovixvl8jzdbm.gif", "status_message": "meh!", "about_me": "Don't speak to me until i've had my coffee!", "favorite_links": "https://www.firebox.com", "birthday": "2025-04-01", "created_on": "2025-02-24T00:09:47.051Z", "updated_on": "2025-02-24T00:10:02.724Z"}}, {"model": "myaccount.myaccount", "pk": 9, "fields": {"user": 10, "profile_image": null, "status_message": null, "about_me": null, "favorite_links": null, "birthday": null, "created_on": "2025-02-28T11:34:45.015Z", "updated_on": "2025-02-28T11:34:45.015Z"}}, {"model": "myaccount.like", "pk": 1, "fields": {"user": 7, "friend": null, "event": null, "wishlist_item": 6, "created_on": "2025-02-23T23:55:28.680Z"}}, {"model": "myaccount.like", "pk": 2, "fields": {"user": 1, "friend": null, "event": 12, "wishlist_item": 2, "created_on": "2025-02-23T23:58:22.468Z"}}]